PatientId,Patien's Login,Patien's Password,Topic,Doctor's Login,Doctor's Password
68084-562,Sher,qXWpuXy2,topic1,Sheelagh,7JJmzIqPO
67777-217,Allx,puBMls,topic1,Elmore,uZULBHG8
49738-294,Inger,pZz9iNop,topic1,Marne,2to848P
56062-274,Stesha,n0BvWiNOz5Y,topic2,Riccardo,XTDic6Kp
59779-254,Paco,GTgx72jV5T,topic2,Nanny,7ZecRzGmi
58118-0734,Lorie,s00MVcGORS,topic3,Clevey,3L5iH3vT
45802-490,Georas,5R26vZy,topic2,Avie,VCRp34I5n
51239-1929,Viv,tlZjBH3p,topic2,Marshall,DJ25wUv6vzr
43406-0048,Lynna,loAiKm53vqi,topic3,Stephan,QcSZ5r3rEXI
10056-701,Rosalyn,MO9OoQjALUo,topic3,Vivianna,1WYAIyqzD7W
0713-0639,Riley,0hfu0ucciaXw,topic3,Martguerita,Hhj9mG
68084-408,Ellen,lNx43u4v6k8o,topic1,Christan,otQ9Ees8XzJ
46122-162,Ondrea,XXVYBm,topic2,Allyn,V2APrmS
0378-5632,Cullie,kulbsSQIFL,topic2,Brandice,6dVCT5Ro
54868-6278,Ronnie,R37GD01BmDw5,topic2,Fiann,XlLA30syR
48951-3092,Kimberlee,TqObFFaAol,topic2,Mayne,YvYlHQ
67046-160,Brittni,iNJE49,topic2,Aili,OI3gWYeNy9
53808-0873,Esdras,UrleTxDtKi,topic2,Esmaria,GOHzoD9xm
61957-1043,Michail,EGcDV9,topic1,Emmy,Dpclu8kxDuBX
60512-6155,Hillier,75CgvfkLJ,topic2,Renado,M7bB0xQcM
0591-3760,Euphemia,bDlEkeBa,topic2,Benson,6h8qAOM5
63304-501,Melamie,anK4E0DJq,topic3,Liane,EXNEAW
49288-0862,Rosabelle,vhubAYZ75HzB,topic1,Sutherlan,f9BejASkY
52343-040,Brittni,delpnNT,topic2,Eveleen,xCE68WxfnJy
61995-2921,Sorcha,StFahfbDFNP7,topic3,Greta,e6Szw1uEZ
49349-872,Oliy,mEEXD6aS,topic2,Vlad,NKTcjPRBs
58118-5771,Cooper,Kh2k0ZzKTLXQ,topic1,Aili,m2ltqb
41163-407,Fabio,QUTNylLh,topic3,Durante,iV5C8267M
43547-336,Nadiya,BS9n7q429o,topic1,Caressa,u1tv6jz
55154-0126,Quinta,e3HSXLjDQtyk,topic3,Hernando,070ym1lDLxUW
49999-766,Edythe,xSQ5lCOX1,topic3,Osmund,LBF2KtySY
62032-510,Giffie,XKpts9H,topic3,Reginald,JC4Jag
0182-1093,Yasmeen,k2MPBlI,topic3,Jobi,XCf4N5
67544-355,Em,snS1XvCbOad,topic2,Fredi,ajRhFg
55312-001,Jordon,2X6SQZ8mfL2,topic1,Matilde,UuRuIbfbZz
57237-013,Billy,AlCzAOU,topic1,Maryanna,YbVUkrjj
36987-2815,Thibaut,HEEIkWDmaS9Z,topic1,Phillipe,8fvbrnegUOj
21220-122,Cristian,lPY4fbx6y,topic2,Ilene,PqUsL2w
49035-604,Ash,9jJcslHO9yw8,topic2,Micki,HGr1QsN
68084-754,Bari,Mm8WVyZO,topic2,Dorise,9ahnGlg
55312-578,Martainn,z5xUozVGs,topic2,Lanna,7aMpm2o
60760-324,Claudine,PbAxHkD,topic3,Towny,8yKgm6amvw9
10223-0202,Clarette,B4IGBNq3Fl1,topic3,Patricia,hMbkSs6
49999-771,Taite,O13JkGDQX,topic3,Colly,k8ndlXX
63629-3353,Lauralee,9P5N7LAKVrQa,topic3,Mannie,NOIeMILq
55154-5680,Monique,PwQfUx3,topic3,Olympe,NMfhnX76AnK
0781-2810,Carrissa,75pZtvhN,topic1,Frederique,iRY3TQEi62
50544-102,Madelina,Y8qBnwdKZi,topic1,Arline,tw4Dy14fJAsJ
0168-0053,Sam,TU90QZ6sY,topic1,Janenna,4MQJwnU
43547-267,Flynn,NxjTkvryFy,topic2,Mason,9GemZeY
67544-002,Duncan,FK3g129CVn,topic1,Ricki,JJRHeK5kja4J
55154-4744,Alexine,CMwCEQnnCO5,topic1,Olva,NgV1BrH1ZYC
63459-544,Reeta,qp06d0LCjWw,topic3,Saba,oXcSkeXu6ob
0536-3113,Ulric,0UNMNh6PwTyg,topic2,Brit,qqX7HJ9
35356-243,Alaric,DWDMFp,topic3,Boone,bj52WE56Ya7
61821-051,Tiffany,fV4vmwospe,topic1,Dulcie,OTaQHH1onnz
10147-0922,Sybila,XXviCqX79ar,topic3,Loralie,dHRiLxkur4x
63868-125,Nesta,mQFnNvUmED,topic2,Smith,x0W5QA4WzI
0031-8736,Rockie,oXvSIcucfB9x,topic1,Jorge,KIvfvfY8vv
49288-0190,Caye,2PLCdajexare,topic1,Dorelle,AluVKi3PJ
43857-0247,Tyne,9MmwHlrQFkS,topic3,Winston,vUwxUQY
14060-003,Biddie,auWxbKt,topic2,Dmitri,VLpDLPVSlyk
51393-7434,Fionnula,3D5eBH9hc,topic2,Barbie,3e7kSWe
0085-4356,Lorry,whfRMe6,topic1,Tandie,YprFScG9
51285-084,Tilda,kVutyh,topic2,Lucius,iNgvQUD
65862-563,Kial,8mVp38tne4zo,topic1,Augustina,rm3Z8oZ
58118-0101,Melisande,tZo658uaJy2B,topic3,Reed,N8QaiyDsg
55312-759,Terra,7qbXXAu,topic2,Emmet,ALc7BrBP
57520-0453,Gabbi,lLo9dLXMfy,topic3,Querida,RVLnLayXhvt
49035-350,Gregory,cJwpCRDZ,topic2,Niall,GXDFSmr41grs
0781-6039,Xever,Hd6qIghVnjm,topic3,Betsy,r3bOQ6HuNpy
0363-0950,Faulkner,8yjowL,topic1,Harriett,u74GdZv0Del
68382-070,Thea,gv3NGwDiUXv,topic3,Alaric,btDimCaHHZx
61296-002,Shannah,66pIxI2B16B,topic1,Dedra,h8Q3XuOm
10742-8663,Crystie,FdoZltaenYGv,topic1,Melantha,CLKFO9O
41167-4120,Fiann,NFYPx9Ybp,topic1,Matias,F3MOIZG
60505-3573,Mada,Vx5nY7Mu8Va,topic3,Warden,PzcBwQHIubSy
65044-2677,Marlie,VIxzhBjSy,topic3,Tanner,bF9O39hBqk
0904-6409,Kellyann,rcrXhfRH4KA,topic1,Dre,LRZHPMY1IcV0
54868-5028,Derk,i95phTvGX1cb,topic1,Miof mela,uianmJd
61919-986,Katharine,PfMklz9KXgJ,topic1,Libbie,phyyOSNX
52685-379,Abbie,7e7lRGeRkC2R,topic3,Johannah,7g0Cla
36800-580,Nicholas,duaawtlp,topic3,Muffin,Yw36ea76
58118-0344,Nixie,C6oOx8nG,topic3,Saudra,2J8sd3xT8b
53808-0393,Ellwood,ziMON5KpOFU,topic1,Meade,os0SEr
36987-1223,Ulrike,1C72qjCVJwX,topic3,Shirl,N64lf8CL8
53017-802,Horacio,Eye6FDaju,topic1,Candice,NCKj4R
49349-205,Wolfy,qHPRRa,topic2,Denney,6TaavoKQ9
68428-018,Manon,k8Daz5,topic2,Timmy,rdKjFl5U
63629-4094,Esdras,fNUULxOM,topic3,Westley,BL4BOpQRcbd
16590-015,Farr,XGqsZb,topic3,Petronille,vopDDi
68258-3023,Berton,jDFUaZO,topic3,Lanni,TuQiUGhYui
42546-270,Berry,rX5zBdCdxoP,topic1,Everard,IWUgb0QX
18860-324,Vilhelmina,xxfOdfa6zH,topic1,Orel,IOIrjw
41520-376,Cathi,djPwHRF8,topic2,Trudy,B64NMCx6F1VU
0591-3601,Loretta,S5mbx532Bt,topic1,Jae,hMS7NYx
43269-796,Eryn,mMqJvfsmp9Lf,topic2,Selia,09YmMQVA
33992-4250,Drusilla,aM6M1wOa7,topic2,Glynda,Geo7h2e
0054-8595,Courtenay,ZXZIsE,topic1,Keir,Q8xnL8
0013-2626,Janos,B1V7JkkJy9,topic2,Car,v6LByWPP
49288-0806,Mariann,VcclEJyo,topic1,Sarita,eKRgBZysju8
30142-103,Vida,jxd3FgH51Vib,topic2,Waylin,dL4D7msZiO5H
55154-5118,Tommie,PtJLi2,topic3,Itch,BFUbqfP
52685-359,Luce,0uOIqQzeH2f,topic3,Gabbie,cNJ17DN
44911-0033,Constancia,ePTRjcqg3,topic3,Aloise,uaOFaJ4LIQG
59672-0532,Auberon,uHqGUZUrGj6v,topic1,Javier,ObeX2e0Z2n
42361-033,Bev,ZzoThk,topic3,Auberta,t0fDCT
43742-0020,Omar,FcW126,topic1,Charlene,c0fj4jP0OSX
22100-017,Rochell,CCZ8oztuQku,topic2,Sterling,LjWWb6WEmO8f
57237-028,Nial,Ir3THxQLb2xs,topic3,Koren,sFWbJHdgs
68472-028,Kevon,zMsq3dMUuvD6,topic1,Gayelord,dXcH6Tc
49967-644,Rica,bIlCKh,topic1,Keir,yF7k5EJ
60258-159,Marie-jeanne,SiWJ6N17Po,topic1,Dulcine,aa3HnuK
52584-024,Torr,NcYz69x,topic2,Clarke,CGNWX9p9
63629-1526,Shannen,i4zMQ9t8Y,topic3,Garek,aGThUWThK0f
37000-073,Madella,RCu3cCQ,topic1,Ariel,rT6K4L5Gcky
58232-0049,Agnes,k5G7mnP1q84,topic1,Tye,cTSGqe
0168-0203,Kati,AJg3QnGMz,topic2,Nancie,FkFvX6nN
49288-0477,Garrard,SJVODdEF4,topic1,Hasty,Cd8DacyZdTtp
46026-983,Sadella,PFP24gm,topic1,Issi,MlIvNb
53145-032,Shawn,ylL0PiM,topic1,Trudey,0Xo7KU1SAg
0904-0428,Manon,t9HEk1,topic2,Alan,32n4Etbcdc2
0713-0703,Stern,w2juupmUIc0,topic1,Casey,RolINaUR
67691-200,Boyd,8AOuYnUisL4,topic1,Hewe,qCvhosx5phHJ
0074-1053,Batholomew,E0rw1L,topic3,Mordy,RMVVydzz
52584-796,Brannon,e4QABGefFs,topic2,Alvie,LO7h1f
10202-852,Maia,wweYcJdcaT,topic3,Karlie,vgPQJH8gl
54569-1188,Rafi,VT0SfhxC7r4,topic1,Teresita,Tq00CX
43063-477,Edythe,WN6gDR,topic2,Beverlee,YyL7AO2SVZ
65862-169,Quill,WgiYje4iF4,topic2,Sterne,LfiS0snj
67457-280,Johnathan,eC0RjEEgr,topic3,Chauncey,LwTG83Sz
63629-4762,Simone,37YiSTznUn0,topic3,Evangeline,kqJDXMJPUF
0409-3382,Dyanna,el3rG6MT,topic2,Tabina,Z5xj0hjRZ0Q
55648-775,Lalo,p2eKdhj,topic2,Denney,rpMrJkOlk
58232-0747,Zeb,AuCrW0VU55,topic1,Jannelle,jivi5WAW1
50051-0016,Stepha,9IWw9oB,topic3,Abey,WPjLPQDhEvhk
0054-0347,Sari,oBRZ3lvFL3EH,topic3,Deanna,KkmN1grqULN
76354-007,Lothario,2aVJzVmE,topic2,Celinka,w6N2tfZDX1sS
14783-094,Antony,5pIUgIIcD,topic2,Jeramie,HsDFMfXA
49348-489,Westleigh,s0jNcmRWqLk,topic1,Traci,925UWYLI
55154-4617,Cosmo,6KA5NK,topic1,Rosabella,Gh1YH8
66949-769,Minna,enaFFIT,topic2,Arch,ja8SIrFBE82i
10812-101,Lindsey,JWtwiNlG6,topic2,Marney,LCgEwNLhdX
51672-4025,Joyann,XZEdIbh,topic3,Raye,Z3Fl3N7
39892-0601,Peadar,90rkKALP,topic2,Rurik,SITF1nWWe1L
59779-359,Nataniel,oQswzBnE,topic3,Zollie,bIje8xyX
51367-014,Ethelyn,FSHiOFkrBpi6,topic3,Jeana,3vVMxMKE3je
49288-0165,Godart,axLKAAo9yiS,topic1,Rosana,PgX2VQ7pDkt
60549-1129,Gunter,mYPGWt,topic3,Claudia,OFMCE2uYK
0113-0083,Herc,7m2Qar,topic3,Torie,acA0tOd4
42346-200,Roy,g9yed6XwBRN,topic1,Steffi,H9xvVI2NNnuq
55312-688,Kiah,jRJZu4sm,topic2,Cheslie,HvYPEUB
98132-128,Carleton,P4arba,topic3,Aurel,hS2dpDfq
42507-692,Goddard,64DGgL5mWMO,topic3,Lyndel,qrXUqHzHB
68180-303,Marwin,v71HdI5,topic3,Phylys,9ifxiP
0185-0401,Bancroft,V8wq6Pfpk,topic1,Stefa,l21yrV65y
10544-082,Gwyneth,zDu8FCooU,topic2,Stormy,th6xe4D3n
50580-669,Fern,5k8Bact,topic2,Ralph,wofPiwqt22Q
75921-158,Chrissie,NKB8sK,topic2,Elyn,I95PPJcjm
60429-036,Kirby,hrvfDrIiQYq,topic1,Frannie,6Mzuw4e2WtOB
21695-940,Gordan,IKSpt9nnF5W,topic1,Binnie,aGSQ3B9dRq
0093-7657,Bone,5FIsRl9W,topic2,Falito,ixv4Y9Qms75z
0004-0038,Cordelia,dtxzrCsL,topic2,Antons,i9KriSndoUH
0603-7521,Leslie,bndSQemz,topic1,Sayres,7002yTyDfHFT
36987-1723,Milly,XzA0qITFCXG5,topic1,Babbie,LUHKdTS
55504-0300,Reinold,ggnNX8Mu1iVq,topic1,Tammara,bxVQHU
49349-731,Lizbeth,vVp0sdDTN0Y,topic3,Bonnibelle,djmiuO
56062-600,Shawnee,aLmZFA,topic1,Corrie,a62nJyXOz
49589-101,Yasmin,fWvAxzzB2,topic3,Margaretta,jdF1cskg
63629-5319,Maurie,Gd0wVD,topic3,Rollins,JzHiiv
55289-969,Elijah,bD38gdNT7UcN,topic3,Babara,lbvoImk
0168-0271,Ianthe,b0og05v5,topic3,Thorn,l26gEK
51393-6445,Carita,dyu7yee4vyEV,topic1,Delilah,eKgopleug
36987-2396,Tarah,GTPmj57HcVKw,topic3,Dasi,kK6myN0zy
52686-268,Adelheid,ywpvBD5kfWiO,topic2,Wilmer,KuGFg43QXq
55154-5979,Filberto,w7zYnBe3,topic3,Rosella,Z22RVI1
50484-341,Alika,GoH2BUdSg,topic3,Maggi,s8gadGHytZBq
0555-0973,Don,EgrrgeBU,topic3,Cynthia,06wSCh2F
65044-0844,Parnell,OIYEbH5Wgr,topic1,Meta,FLvkS0Xfeh
58411-191,Calhoun,Y7r0kZwrP,topic3,Corbet,MimsMzzV0IZ
68345-874,Russ,zBpMsBqpXN4n,topic1,Lewiss,I9oN63Weu
0179-1988,Rodina,5VfT6Uz4BOc,topic3,Christan,wBVoLU7OEf
0555-0778,Annabell,NviSl3,topic1,Lorettalorna,yP8rd4
63739-284,Agatha,gg5uJuhiB,topic1,Karoly,d9VnkZ
0264-9350,Fayre,R7PrkjilDpx8,topic1,Garrott,Ntgcqul8qLxY
68258-3029,Magdaia,Q2DCYhhw,topic3,Cristy,m9ML7L2gHWaU
49999-128,Clemmy,bWlLo0,topic3,Gerri,l9gqtBmqXDd
51393-6667,Salomon,Ld6GM0O,topic1,Arv,LNoNZ42yxQi
63736-012,Jackelyn,NlcOFxkCeV4,topic2,Justinn,gaPvthRBng
49288-0202,Ortensia,sbqpYG1jYp,topic1,Lucienne,d0HenNt
64117-253,Aila,h02r7eGC4,topic1,Cathi,j4TyusWZ
53208-502,Vally,Eveom4XIV,topic3,Alphonso,sJaUz8
10893-694,Bradan,8tLjAOfS,topic1,Anabelle,FIACMj
42211-202,Neall,tbuMvyEgec1N,topic1,Amabelle,9SOAh7G
0591-0517,Timothee,UL6wsh21E,topic2,Cathee,vKaxqOXoj
10056-271,Elmer,ffQUfOUTco5,topic1,Agace,Smjdc6t4McqK
55154-7802,Pancho,figVw32HwGK,topic1,Kermit,eZC1nPz9b
58118-2279,Delmar,douVyxWrmK6d,topic1,Liva,rE2XVa
55566-8401,Maddie,KiS5FRq,topic1,Stinky,aYhJfbVveWF
41167-0404,Nanine,g3yiIyAFS,topic2,Quintina,Gx2sChXLy5
49967-760,Guntar,ao15mgmLF,topic2,Griz,WW4ba13R8
0904-5877,Sondra,K8T5UW1S7,topic2,Benni,NPBj9xnoXD
59762-4960,Myrtle,rtvWZqNyJ,topic1,Atlanta,bCzVDsuE
42254-071,Kelci,GPe4zHV,topic3,Leslie,M7OpNYX
62340-001,Felipe,lVJDBnqZuQx,topic1,Lyssa,THmJEU
68382-110,Janenna,o7QNUJL,topic1,Markos,lbzOiY
66854-026,Abba,SpRdN8nCAm3,topic2,Donielle,a3nMiBJfEm
0591-3205,Evin,pHx8j7UUzM,topic3,Aylmer,j8hlSd5LPj
54473-251,Neddy,RCUnoUFTWW,topic3,Anderson,iNpCI43a6RHP
65197-001,Maurizio,l5I51rDdi,topic3,Bil,ZUdRW494Ib
76049-556,Rickie,vjvH2R4vG,topic2,Herc,zFsypMgxo
36987-1817,Jada,0X5zrkkNG,topic3,Kyle,tjI6pczZtn
50544-007,Tedda,Fj9IYJ69,topic2,Patsy,Eqe5MWt
36987-1742,Linnet,R5ny8iVdod,topic2,Belia,jnvfpU
47219-210,Nicolai,aDPyPjS2,topic2,George,GU4y9njf4
0078-0347,Archibald,ytxu4T78whpd,topic2,Amaleta,JVqN6Wr
17856-5725,Kristos,yQnKvt,topic2,Roley,VXHTXQHD
68001-214,Andre,vrPEPH,topic2,Davidson,UYZAcu
50458-307,Cary,QxPuSDO8yTX,topic2,Benjie,jppmnz9qC
43772-0021,Crista,E7jLTx83W,topic3,Kassey,cXVhEwSwDNGL
16571-072,Bryan,eHlv6QB,topic1,Maximilien,wrrchfpG0e
36987-1483,Kiley,dSHUO2S,topic3,Karine,K3bmmL
53942-243,Nicholas,p8KCjmBvU,topic1,Audrye,rV3Xjjqa2T
58118-0458,Doralynn,nbqEK9ilL1m,topic2,Meaghan,F5Bi0WP
24236-860,Brita,y8qL2HSlXDg,topic1,Arlinda,ClnU2ifX6NvV
50580-449,Heddie,mM95WpJpwpD,topic1,Letizia,6L7aDptJVOf
0037-8110,Fee,4JoDuPRURmN,topic3,Cornela,VfTnNZnkd09
62699-1114,Ingar,Nmy7oo5Jhp1,topic2,Kial,C11869MD
52125-749,Jayme,XrvdEvckvXva,topic2,Papageno,9xUBnAA7IqJ
51808-210,Leesa,mtqAbotKlKy,topic2,Vic,H1HMLVH
41250-018,Lurlene,6a8pG5M,topic3,Lindon,LXCw2hfUYN
67718-941,Anita,hIj5xs,topic3,Renata,oWkNRz
51655-320,Ethe,arvAapbW,topic3,Margie,SelloR5
41250-181,Foster,Y8EmQBu,topic3,Lory,cT4aW5IOa
16714-695,Laird,L6UIoa5cCtv,topic1,Forrester,d40yKn8M
11673-586,Margarethe,ledeUA60smY,topic3,Vin,qVHJAIlNIO
0268-6713,Ezmeralda,jtWBZb,topic2,Omar,TVPTuPL
60919-1073,Erastus,OxDK09w,topic1,Daren,OIRIqtOIUK
42738-210,Bail,BxDymYBaUMy9,topic2,Franny,Git37ttMIDHQ
0143-2120,Jillane,gwJN1L2,topic1,Randi,XWgWezRBBG
0409-7938,Lisha,tLLlrUK1Sgp,topic3,Trev,VLMYlNwPelR
49349-088,Leeann,5gior3YV,topic1,Sheila,lrAhMgPZl
67777-245,Quintin,muTeQvkKf,topic2,Lonnie,w90NHy
65044-5220,Pierrette,mhVKKl7,topic1,Reina,NvaZSbdzqmN7
24987-245,Alden,vyO77h0NgeJC,topic2,Annabel,QiAUc6ba
61995-2383,Kathlin,kF1dmpOjK,topic1,Diane-marie,rJBmFFlx
58118-0513,Seward,ER9n72k,topic2,Kahaleel,Z2S34KR3mey
43478-903,Horatius,4RZOiE,topic1,Cristen,CAafVO
48951-1203,Sibyl,bCQ4WI,topic1,Leeanne,FfAWXRG
52584-165,Hyacinthie,KctmWkiCM,topic3,Lauraine,8SGduq
58394-012,Prescott,wLEG84w,topic3,Arne,LyHhWW
10578-012,Teddie,HUER3hdH,topic1,Bealle,TQcWwEz
36987-3189,Fern,5vX6XmZsKXu,topic2,Lani,uF9v8d1HhP27
64117-243,Kristyn,87GaI9Fln0,topic3,Obie,SvxqnM9mp
41520-470,Linea,jgFaeMgA,topic2,Kelci,kLaVvOn5gfp
62032-116,Rance,7eSnqlX,topic1,Webster,iwgtBpKCFo
42248-109,Amandy,qtpuPre9,topic1,Maddi,cJGntv
68151-0985,Diarmid,kH9YejOc3A3,topic2,Alwin,1c1ZQpxcL2KI
68516-5215,Nelly,Mmr0OtKsrgh,topic2,Douglass,8cWEue5b4
57337-032,Kristopher,jjvFMiQddfG,topic2,Aylmer,0cCxtMvPLeT3
49693-1001,Vasilis,eeNgHTPIf0b,topic3,Beck,zeNSWghZR2yR
52389-160,Conny,CBK6ySVZT,topic3,Emmy,WDwf3tYwpV
50332-0109,Barnebas,7jzhrE,topic1,Brucie,4Tt1OZZlp2l
51531-5397,Cortney,hLa9c0MBB3,topic1,Veronika,7jLSsorT3lf
55648-740,Hunter,gvkEDRV,topic1,Reece,A9Ndzcwp6ERL
0023-9201,Tabbitha,VMmbBhJWBaw,topic3,Nicoli,LFuCmGXZW
17856-5725,Myra,xyrwe6mYBrHh,topic1,Carver,C9buGEEdsI
61727-323,Monty,uSFllli8h,topic3,Fritz,72KkZ30w3
0009-0234,Meredithe,wOzmkKjKje,topic3,Alvinia,9UboK46s
21130-188,Terza,Evq6ufV,topic2,Merna,FJXjeOwllo
11822-0509,Sosanna,vVjNMgqZ3Kv,topic1,Christoforo,ZiRNRI7to
0456-0060,Rob,dkI4LoXyjN8,topic1,Glynda,GooWeGZ
63354-452,Priscilla,vIZDi5BKK,topic2,Astrid,3kNWya
0591-2282,Silvana,WgDHH04ar,topic3,Ave,D8wBvF4
16571-304,Gratiana,cDoAqIxRzN,topic1,Jackie,vPmil3
54092-252,Vanny,7vu2aB8k6k8N,topic1,Chrysa,u0Gn63RV
50988-270,Dorene,sc4rsc7p5,topic3,Bastien,QlF3vlQf
61077-039,Carmine,PBMTiiuE1,topic2,Jase,lKj7F6uL6Kg
65342-1380,Kiley,OYnoVuF8xI,topic3,Alverta,LnCATYU21qFo
0591-3197,Carma,B8L1KmnK,topic2,Clemmy,mHBqK50uAF
50268-755,Lauri,OiGy4Cx,topic2,Irwin,wQuV3IK
0093-5852,Jaime,9EvBIHdQIkuO,topic2,Imojean,qzHpWRaxp
64679-105,Patrizia,RrjvoQX7cMZk,topic1,Anderson,lujXdy8d1
0268-6795,Claudio,KW5TgQMC,topic2,Emmanuel,njDCsO
41520-250,Brewster,qyRpn6,topic2,Lorna,yGUAMs0yl
53808-0609,Cirilo,juaqpnGmc,topic1,Randolph,g18XYnT0
64679-987,Felizio,ZoNjINrzxXbX,topic2,Constantin,YLrJSFTwIIg
65597-112,Kermie,kqZ74nUxVhR,topic2,Sergei,oFvgGt4iRH8
0078-0378,Russ,7SaFeOFa,topic1,Dagny,JTOIgkOHfH
63629-2979,Raine,8la0PA2a,topic2,Bengt,cNkoBw3oYTO7
63629-4075,Tabbi,GRrVAWEifXC,topic3,Marianne,7m8eYBoIsVg
50302-330,Willy,qDLA8UCYzpf8,topic1,Loraine,0G9rFoxM09
68472-096,Bourke,oON2wcXE6,topic2,Maddy,Sy5xefMq
24208-635,Valli,j1GLiq,topic3,Abel,FEQ2Uskteo
41250-296,Myrle,1xY3oU0N8qyC,topic3,Heinrick,cohmrRnPrJ
68788-9740,Millicent,d4UGkV,topic3,Quincy,ezoADw4Ws
14290-571,Olav,pfOVomTiNr1,topic2,Molly,RcKSCo3IOUgZ
16714-314,Trescha,wurqAue,topic3,Thebault,9uUMqW4kT
37000-410,Alfonso,9cy3DnqWanh,topic1,Rivi,d0riU6K
49288-0731,Jemimah,sY1YqwDOwLT0,topic3,Sauncho,LnbveKVRZ
75940-122,Shelbi,n9tJn58LtK,topic2,Debor,wmsVq2SUS
0185-0064,Flynn,Mn3JUs5m,topic2,Maison,1f0V05
48951-7046,Harald,ib42BD,topic3,Ealasaid,FEvrW1kZjWdt
24694-001,Kelley,JGtnnv,topic2,Reinald,gBMUBlzlkwX
65483-392,Ricky,Q9FlfI5Zd,topic1,Gwenette,p484noY5
67938-2021,Loren,kzMajlX3wDI,topic2,Hussein,o3XkaL7
49349-932,Gerik,e0VujWQb,topic1,Iormina,AS9KPW
68151-2904,Ara,zrbFdNJNaKT,topic1,Constancia,p996akAXU
66424-021,Ingeberg,NTkbuMuMge6,topic1,Corrina,EBAZvclhR
36987-3142,Nero,yxbWKjksde,topic2,Shawnee,tfWtA2nBz
54473-247,Bryce,QTdj32tg,topic2,Anastasie,KVFGAI
33261-644,Karalee,yJb30LKF,topic3,Artus,5qJCUG1
43419-863,Shelley,pMOaSsQUqF0,topic2,Jae,1iS9EoOK
0078-0468,Myrle,4xKShFvhTSu,topic2,Abbey,ltU1sya
76436-130,Laraine,AB9qgiB,topic3,Matt,jwJ5tzD28L
60846-808,Nap,yOT1K6T56dB,topic3,Isis,znLzJChn3
76405-010,Emmalynne,Ypvm7EgmP,topic2,Heloise,MxBCopXED9wu
13537-023,Carny,2KvhOM,topic3,Roma,uOZaEOLdR7l
41520-013,Erna,lTucRHsdXEdG,topic1,Keefe,uZYkez4ukQfD
46122-266,Gussy,ZSZmH9,topic3,Dianne,xYxvXW3
59762-1061,Nadya,QyE98BJ8YHs,topic1,Danell,d2k9wC
11523-7361,Nat,RgbC8RY,topic1,Ilene,WldyQeLPN0X
0173-0810,Francois,ovRyWkVnDR,topic1,Callida,2zCGLQfwSPm
28107-003,Alayne,B1BUA8zb,topic1,Todd,JQA0moR
59779-159,Flemming,uP9YwQJ,topic1,Gusty,0QgJXWl47LMQ
59746-284,Dannel,m7Lv8LFE2Jk,topic1,Max,PIGwvbJ
64117-170,Lauryn,JLqiIC,topic2,Gilly,wcxPxTJmBEM
0173-0844,Nyssa,bqTJDe,topic2,Wash,NiCGZKPWDHH
0121-4771,Ches,lnKxmTloVF,topic2,Corie,3GMxfntfB7
60637-018,Binnie,tvybQEnAmC,topic3,Gav,bDE5FgOl
55319-480,Tabbie,gU6Ajrd5,topic3,Wyatan,3Sx0msoVLe1b
39765-005,Gypsy,PTImKg9JDK,topic2,Nadia,23QImSTec
0087-2876,Inger,4tZnRaEdVyQ,topic2,Jourdan,Mpo6nE3EPS
0338-0685,Verene,v89W4A8Ex,topic3,Paolina,5TNbcla
41250-045,Susanne,jnmMUX28S,topic2,Nikolaos,0q8f6rFfcaVS
0472-1628,Dyanne,QIIIGSZN3Jp,topic3,Leia,nv8CLN
41163-407,Yevette,prTblWWg,topic1,Coop,9wGChk
24653-286,Virgil,SwOKJnuE6Hlk,topic3,Renard,qd2wIL7bnQc
59779-192,Emelda,v1dQgdW,topic1,Vinni,5VlsrkGWgQ1
58906-1001,Jessa,v8G6PCI3X,topic3,Rudolf,aOR4pWf
68084-540,Geri,xHzzsWGKz,topic2,Gerianne,GBsAdENb
59279-505,Ally,5Gkz5iLMgnx,topic3,Nicolais,UU2Ake
0573-0168,Nancy,HESrZUmS7,topic3,Sharia,eKMjKh0rY7g
42254-005,Burk,KK3AKVG7rZ1o,topic2,Nissa,RzGQmg6EYT
10337-450,Hernando,eSEPQLST,topic2,Ame,lEJfPk6iJJh
68016-018,Genia,wXmlJEdX,topic2,Arch,ihUEZEHfmXuQ
49349-636,Sylvan,MEV9Q3ay1d,topic2,Taber,pVeu1Bsd
66096-688,Coletta,e6GFu67yN0yO,topic2,Aviva,1nm2ohzzk
68258-8912,Zane,0oWKbJHbFv,topic1,Emanuele,WCOKcA38V8
75981-299,Bobbette,y735afYduS,topic2,Maudie,ysImtmMlBlHq
63146-102,Stanleigh,hlgjZr,topic3,Willette,h76Mr6hdvsiD
50419-251,Mariette,pCyvWf,topic2,Spencer,t6dSimft
52125-712,Ben,cULh32BEwKF,topic1,Marcelia,YtVkhuF
10544-489,Ham,qTmDvIa2S858,topic3,Norma,RnMmFJ3
58517-300,Dani,FSOeWlsvXK,topic1,Keir,Boid8bdrh
61245-145,Wilhelmina,ROzI1KiBW,topic2,Viki,TkjRc0
54868-6117,Therine,vI2L5WWxzw74,topic2,Sibylle,CCXYeeJED
14783-202,Robyn,a89mMf,topic3,Averill,kOYfqYwB
47781-296,Cosimo,8i1qlcdbZP,topic1,Clarisse,e9XgZnvW7SL
35356-666,Werner,0xDPSdawIh,topic1,Ned,VgVRizuP
47682-003,Shelagh,ERVgUoEGWdU2,topic3,Edd,njv3gfjw1eGp
0378-1743,Jeanne,R5KEVyd,topic2,Winfred,krkNrbi
49035-004,Godiva,6kbZpdHyUKG,topic2,Elsworth,uHKPeDyVyFFE
63824-460,Forrester,TX0nx0AxUQ,topic1,Meade,qka1D1YxV
41250-101,Jerad,iLIxM60BNh1,topic3,Marget,jx5cRte93U
0019-1323,Conney,7WhUODkvI,topic3,Erasmus,lGh7htXhIH
0145-0628,Fonz,mBB5ml,topic1,Richardo,37BTwR
47593-476,Omero,lCdp5Qam,topic2,Renate,QdWOQe0p1e
0409-0144,Jareb,OgUpT2YB,topic1,Ivan,lbGM8cAJ4i
61477-215,Wendall,ydJO4HHPT4iW,topic1,Karna,ElnIiUJ
50222-502,Essa,ybrVHz3eIm,topic1,Sherye,ctoJBhJO4Mw
67345-0786,Nolie,zLx8YNuJ7VC,topic2,Risa,Lp1CwunMoj
61957-0117,Vania,WreMLUxrFgn,topic2,Ashien,1YhSL1GPNSW
50436-6590,Ursola,XZswNe,topic2,Evelyn,teG1Ngv
68047-255,Uriel,U8sQsm3S5o,topic2,Marchall,V9QLoL
16590-117,Moselle,LKPllok,topic2,Woodie,EaVmZXc
58370-2001,Irv,L8eWO7GqsmD,topic3,Rickard,cgqkziFMATS
54569-1114,Hedvig,8iE3pe7B1X,topic1,Marianna,uJaYkRogil
41163-201,Harriet,EFXZcOvsjt,topic1,Dolf,mObqwcdSuRkP
44523-415,Rosa,Md1gywDO9d2,topic1,Read,6zJ50QVa
51672-2092,Ted,GBqiotYV,topic2,Baudoin,8ZrECXeYM
55312-402,Karry,3AdzaN,topic3,Hobard,mJSeihEI
53329-302,Gonzales,gwYFkeB34cwf,topic1,Franky,K5MCQbhgw1i
63874-111,Dosi,SUYmHZ8mu1,topic3,Gerry,DfrQLxM4U0
52380-1771,Ahmed,atTjb2DQ,topic1,Obadias,E1uqKg3xmJ
49738-110,Catharina,G9AAWPr,topic3,Karil,fzBwreNjtiWu
10812-024,Robenia,w9ZcbSOv,topic1,Matt,RZz9F9
58517-340,Theresina,kDQN0TeWi,topic1,Thaddus,B0RUgLYuvU
68306-106,Jacobo,ZCXlxIEIJtaN,topic3,Raye,qo0YjvLWx04E
55154-2887,Gan,NtFutOwn8ThE,topic3,Rey,ldJkikh
49349-815,Quint,92SLTxG6,topic3,Kellsie,kXEZiKe9
37000-609,Daniela,R5xfte,topic2,Shaylah,1kh8Q8gH
55154-5882,Shaylynn,HjsFqmmfwyv,topic1,Genna,70lqr3m
36987-3366,Tabbatha,ilw66El6,topic2,Cathy,G8pIkgNFsuuy
0135-0136,Annadiana,g7O94Kl,topic1,Claire,AptJ1n7XD
61016-0002,Lida,Jdam7mZRS3s,topic1,Germaine,25qr0YoTW
68016-527,Elwood,QyWiJK1ZuI3B,topic1,Rodolfo,HyRu9Fuk3A3
13537-204,Clint,SMm1qXEJiodu,topic1,Kirsten,FFiCEZq
16252-559,Leonard,6ICUkeg214C9,topic1,Marquita,6G8a8pI
59779-349,Inglebert,I5mpRE9a4,topic3,Courtnay,u3tnfQy9
0472-5242,Myca,DYZ4G0QRhQ,topic2,Theo,TU8moaIMNWuZ
0378-2457,Earl,KQsWkQ3,topic2,Xerxes,HmVfkg
61657-0969,Garfield,SwlcVTbFnvs,topic1,Lenee,0zMwQkmiX
0078-0249,Manya,ocwUBIkt,topic2,Bobbe,9NVLj8qN0
67777-226,Arnaldo,DgMusgSS6S,topic1,Brandy,fEy0bPHQqv
15127-979,Moselle,VI27mec3rG,topic1,Edeline,sjBSnWv
41163-488,Junina,DCssC4Epf,topic3,Richard,BjN7Dn
13537-070,Dmitri,WavkXFAYeW,topic3,Chastity,Z604EwKGY7
98132-669,Jemie,I5DX9K,topic1,Koo,LmHIj8IqWpGy
49825-114,Chalmers,yVk11Uo,topic1,Camella,AcFcdVIcgDE8
49288-0013,Lani,4lMBC4ysx,topic2,Timothee,WVrKSBYaDN
36987-2531,Livvie,VBRTxGMDJW,topic3,Brody,RXrNMT4JD
54868-5614,Shir,ph8QGhQTF,topic3,Mendel,ElvLRDx5ylCx
36000-047,Desmund,7LvPFt,topic2,Lotte,jbAQ9Cm2
41190-281,Maura,dAnkGp,topic3,Erek,xwux0HzQXlUE
42195-550,Gray,HwXKUthC,topic3,Phaedra,VyADQXHx
21130-242,Risa,82nTHEHqDP,topic3,Britteny,S3nFG7WNtL
58411-230,Oneida,PGyGBShWtl7H,topic1,Davine,Ed7TUgM5hW
58238-228,Townie,gPag99g8H8,topic3,Tadeo,zRMDGf55
54868-0816,Marja,yKontbSXjS4v,topic3,Peter,s2dxsKLo
10596-342,Marcelo,fCZFsyfxc8,topic1,Charissa,eCBCbkCvkc
63868-106,Bordie,AWVEN2Es,topic1,Sherwin,OMLZGzNizxf
76045-003,Rutledge,wB1TDJCCIG,topic2,Kathryn,X3U0nevh
41250-004,Franni,qi00uEIl2zKm,topic3,Fey,DnVdrvAWlv
65044-5058,Ave,kWktTy,topic3,Cloe,KywNQEzcuSK
98132-301,Concordia,rjxt3Fw,topic3,Beitris,pb5rKKIEhr
0087-6674,Arlie,oaSfdwOZ,topic1,Jazmin,I0e3KNxk
61971-115,Antonetta,GfTN5kNp7k7A,topic1,Sarajane,JX2v0xPgm35
35356-293,Rolland,ygOEcSOOQ1W,topic2,Matty,iy9NjOOWdU
64117-182,Tracy,sOOjscdfIXGt,topic2,Caz,bPr4G27U
36987-3347,Lev,CCXjifBwe,topic1,Madison,lzTT61
64092-115,Fayina,RYJvUc,topic2,Merridie,LN1kxxjWS
68428-092,Alfi,bZl182h,topic1,Dorelia,FvHPJ2yHJ
21695-385,Erv,rzAjf0W017e,topic2,Sheilah,m3PmlC
49349-319,Levon,NQhd7HvIO2uL,topic2,Dedie,eRARmFV0Gi
59050-444,Emilia,xubwykhC21dk,topic1,Desmond,E4SXKT
49738-679,Maryann,lNSWPqYhGKKE,topic2,Delano,bdwA6CgLb
55154-3432,Heddie,ex04rvbh,topic1,Anne,zah43SCopX
68788-9196,Olympe,dw5WnR,topic1,Jaquelin,vghF43
49348-349,Angelina,btLOJev,topic3,Fidelia,Q0z97x
54569-1280,Pansy,nEVVQ0Wf,topic3,Hanni,LOevBLwbtd
53808-1040,Flori,2PKPkT,topic2,Keefe,QsXB29
0378-2675,Parker,e2RS29Gum7q,topic2,Elayne,qoawnwqRgvk
13811-670,Nadiya,fPEryZpG,topic3,Filbert,RnJonJ
0527-1698,Caz,XLE7xe4y10,topic3,Cointon,hChCGBLFQ
33261-739,Kory,dMuFUXz,topic3,Matteo,uuFjj5Cx
68472-127,Gabie,buTQiNOLgkJ,topic1,Shandy,UNMGSVbunr2j
57955-2511,Claretta,FmY6fCgvnHB,topic2,Carly,rWhO7Gxr
62106-006,Austina,b2iNpIz2NiO,topic1,Jerrie,aDFx5AZ
68479-220,Samaria,x7tejC0lLwJ,topic2,Gunther,k2uiwARSj4ic
42291-691,Gal,nQMVU2FrW3gm,topic1,Aldrich,quYrWvg8L
57955-5510,Geri,aVlMyPRCm,topic2,Kaile,DC2buRDe
55301-527,Marcille,p1QJYmJ99,topic1,Claudina,jXHIFACsxu
52686-335,Angus,RoOrJoB,topic2,Geordie,UWqG3rwchE
0054-0099,Cheri,ybwcSvFC,topic1,Gladi,SuLqJP3RdfDg
51758-003,Violante,NoFc9s,topic1,Pip,xvKTLIxEm
58118-3780,Feodora,tNmkSa,topic1,Duffy,p8OJTNzB
0067-6319,Lanna,AXwt3T6,topic3,Dore,e7rIUy1hW
64159-6010,Enoch,UnE2K15,topic2,Ulrikaumeko,vuA6J2
57664-242,Thor,EG4rbSi,topic1,Torr,FKfboBBQxFOB
36987-1549,Chester,AMOczQL,topic1,Lennard,lzafVlgTd6
30142-405,Paulo,LozsYdxSGmKG,topic1,Zorina,UbN3lh
66336-722,Oona,jLc8ewoJUHvc,topic1,Quint,vW5745Nj5qt7
52125-332,Renate,gXCD7XZfMTsL,topic2,Jessee,Hr1pDNE
51346-056,Ugo,aCq7LRmcT,topic2,Hailee,U6z10JCI9EZ7
41163-333,Gretel,ob8Gcq7QIM,topic3,Trueman,f53PaS
11528-135,Tawsha,9tGZakd,topic3,Robinson,Vcwwk6HWGM9
21695-276,Peria,KPhIrkOBLN,topic3,Kipp,v1Nb1TVUot
52083-623,Pattie,pRbdjVNJFyC3,topic1,Archy,Qq0SwD
52125-775,Alaine,UEUOXDBV,topic2,Grissel,gpyGPy
0363-2075,Lombard,jcQgU8wF0,topic3,Grover,0eWHBmQTtd
55154-5475,Dorthea,14qXM1G7Yq,topic2,Harrietta,Oy9uAOfhOx
60505-0595,Sidney,2kqMUhHrdIO,topic3,Harbert,jqUa5qc
55910-381,Hattie,PwMM6xssf,topic2,Zacharias,ruaknzUI
59779-642,Monika,3PwsD6OE,topic2,Ruthy,NSKD3LA
44523-415,Allan,zkhfofIK,topic1,Mellicent,FkJ39XoI
17518-003,Leigha,AUkH8TtBGi7G,topic1,Rosemarie,OUtuEa
36987-1796,Natalie,iIJ7EBbaaU,topic2,Nikolos,faJ8F86nh5Vt
49738-372,Nichole,ks7noZo,topic1,April,KMqk9wY
49738-499,Bessie,sj4vfr9,topic1,Zara,oFdHdcTj
0781-3451,Truda,wJwaH3d,topic1,Trisha,O5sEceC
64760-219,Judie,Ql7AgvEsIef,topic2,Mac,E6LQPHK0g
50436-0913,Ina,gIgFztHe4xj,topic1,Deny,vqhgJv
16252-541,Andree,myKSW2ztGPfS,topic3,Minnie,fK0tU5O97aJ
51285-063,Zara,i4XJS8aRXPSP,topic1,Cara,yS3zSZ3
58232-0653,Maggee,b42yBw,topic2,Sherlocke,9X9JE9nJ
42507-190,Leroi,T3J3f1O8cJ,topic1,Izaak,2s1OtJK
66336-722,Sybila,BC7UBYS,topic2,Emmalee,eyYrtx
57337-065,Thebault,R5lSPoMaUzXn,topic3,Davine,0nAF69e4
36987-1282,Alana,UZ3WCrnDSH,topic1,Ainsley,33NOLCpw
0603-1586,Byrle,ID4qDNz,topic3,Lavina,k3UBud
62856-280,Beatrice,6v36HS,topic1,Sharona,NaJ2O2P
63323-477,Johann,3Pt4cc8,topic2,Adrianna,tU8Xs2Z
68788-9021,Holmes,wPAqIb,topic1,Meir,RWvCOYA1xjd
76519-1004,Terrye,40Di1sa,topic1,Vyky,xkRBqHHVju
51060-009,Dall,W5tenA0r5,topic2,Vickie,PTzZOC
0078-0370,Magdaia,kj1Vmv,topic3,Aldis,HZwebz5edjV
62007-012,Sileas,YWajEPH,topic3,Vincent,bU7kOEm0
51346-072,Calhoun,H0PLir,topic3,Mendy,vC0GrF
49527-022,Vance,GvYUSIVCOn,topic2,Gasparo,DYqvm61HmL
60899-010,Dwight,Js7JDrieDN,topic1,Malachi,Cn0xZpI
40046-0043,Jenelle,Te6d9e,topic3,Meridel,RgPfYdPK9Nv
36987-2762,Kissie,1cREb2,topic1,Wally,BTyUFlF0yq
0363-0439,Candi,EGWrg2e88w4,topic2,Paolina,y7Vxz11
11822-4070,Tabby,PXT91AN3E,topic2,Melba,Q6jqQkdeItcs
11559-004,Dion,K6AElj611I,topic2,Melony,C5X6zD4sZ1
65162-514,Jeddy,RZSUS16Vg,topic1,Cherie,mgySYm9
17856-5725,Cristiano,zL4vXLAdoSK,topic2,Tyne,QaUdEGyi
65044-1664,Nicola,7LWLeY,topic2,Maggi,h8dEzuCDHAzF
33992-1071,Etti,lU9fMytONCJq,topic3,Brandon,APSShT
49288-0677,Shanan,w7TyshrWdFnb,topic3,Brandy,vPc6U4
0013-2658,Harris,tZcu4Fmqa,topic2,Dwayne,L9yx843E
0536-4089,Bibby,wNSveQfoe,topic3,Sibel,MyRRpbX4
65162-416,Virginie,Lo2hGLZraXzP,topic2,Jorry,mkFuDe5bASz
36800-125,Lebbie,3oDtyA,topic1,Sumner,9Z0zGNk2
52125-307,Gwenora,ZLX1ECR3,topic2,Salvador,GVE0Xxu
53217-021,Lindsy,3T5qvyvv,topic1,Jada,As9l7H1P
0268-0933,Tobias,OygCtXfZd8vo,topic1,Artur,TIYpr4tBW
36987-1142,Daryl,XB3Kyc6obe,topic1,Carolee,gVG4IJ
57520-0022,Flem,zYUVPI7,topic1,Lilly,Gc47xXD3NZ
36987-3059,Torey,qY8JmOb7O,topic1,Carena,pGbN7X57F
64193-425,Dyane,AuCQXRi0,topic1,Carroll,xqyKwCk97m4
75936-129,Ximenes,MJ24Aj2uodNG,topic3,Monique,Wn4MnC
49288-0809,Guthrey,M0Cm2lbYsCVP,topic3,Kinna,MugdFszAVBa
0268-1112,Sofie,7HfUd9GARE,topic1,Madonna,iyMy6nQiG
0363-0500,Annissa,Zd3BpF9CbLlE,topic1,Benedetto,0DiA6VxjdSI
50184-2900,Hamil,bdYer8I5TPCF,topic1,Augy,0SkmvHoM
0574-7040,Elsa,ZYzDxeClrj,topic2,Alwyn,MhWvBkoIg
0363-3300,Allys,dHwW68Y,topic1,Abbie,Uyfjx3r
0126-0070,Amara,Fh15EkW2,topic2,Julieta,Y8P7p6aR
42549-512,Kearney,1v1V13Ik,topic2,Carlene,EAGlDe4z
53877-005,Shamus,8kwy9j,topic2,Toiboid,ItVJoh9pn
66780-212,Weider,cwMEeVF,topic3,Ermin,aq6zrDmTrQ9E
13537-544,Reese,OndsMI77u6G,topic3,Eberhard,I3cCqSDI3aY
11822-9003,Ciel,2OcoGv,topic2,Aloise,XJMCUSs
46122-139,Yardley,ZGUZwrG9,topic2,Baxy,dwOO5uu
52125-201,Liz,IyKYOh,topic2,Ailbert,cRDKFykA
55316-065,Elwin,vEtprghN,topic3,Nicole,Lbkij9PrJAx
43547-271,Stern,3wZ84mAMXx,topic3,Bartholomeus,5fvgZUKDa
0054-8550,Jehu,Ahwju1l4bR,topic2,Emlyn,Xvyj0d86fiC
54868-4921,Parsifal,BwEHtBA,topic2,Vassily,g00BCkk
62856-177,Win,aJTxwEY,topic3,Fanechka,0smZbZgbc
0363-0800,Wilma,RsoSEloj5SO,topic3,Benedict,iXr59TX
36987-1841,Mic,r4UvL1HSZG,topic2,Whitney,r7vK9cQ1
54868-5291,Stephana,DtsMOT2,topic1,Lizette,KVNu0DAf3eKd
17156-024,Glenine,iPqEoVxfm,topic3,Dulcine,ZSs3POh
76237-255,Cybil,2AicsKR0ZwW,topic2,Petronia,OdhIy7WOqvN
42002-448,Rana,c6tRxdx9a,topic2,Lynde,AyBumw
59148-003,Darryl,4prarM,topic2,Eolande,bKSTAi
43526-113,Andriette,RLbbH7NE,topic3,Pansy,1fjCOEhEy
41520-136,Innis,IGpkV4,topic2,Obidiah,oiRKbkXAI5y
49726-023,Lacey,p7fqvXXl9fe,topic2,Ev,TbulSoo86
48951-2030,Brittany,GVIZeQDbuY,topic1,Dew,LZqJ7KoFm
37000-283,Anjela,QKGCzSzFUJ4G,topic2,Kenneth,tw3nRDI
55154-4650,Kacey,yETL7uP06,topic3,Zelda,3iTR2ZGFHW
49348-639,Georgy,qtzQQqgrVGf,topic3,Sophie,8Kb8Ws
63868-192,Ashil,thc8GDI7,topic3,Tildie,E1faokt
60505-0815,Rozele,brq7rirlG,topic1,Winifred,MRmS4cqUw
36987-1312,Andriana,BP6IUzVDG,topic1,Cosme,GMyo9ENW
36987-1794,Clare,pSHY4vK,topic2,Melisent,Nx5XDnw1I6Is
36987-3126,Alikee,yAT9gcnmky,topic1,Filberto,vW1mpF
41250-002,Clayson,UAqdT8hZFeti,topic3,Lidia,upvWsxWpn
49884-600,Kennett,PCVk7r,topic1,Sanson,oAjOZwAMPvkf
62011-0065,Alexia,gZ1X5Jp,topic1,Idaline,ByvUdHtXoY
49527-989,Marget,r5a0CZB,topic1,Corbet,OO4NvP4drb
54868-5968,Shawn,airHgrSCili,topic2,Homere,2uSn4LXs
63347-120,Sheffy,aNZ54URRfXFr,topic3,Ailey,Qqs7swR07k
50436-7075,Kasey,KuUfHVq11o,topic3,Scarface,Beq9zrmREX
43269-832,Duky,sTkepf,topic3,Bryn,bY9Ud1U
43269-657,Anissa,Evmj9fX,topic2,Jaimie,c6q0XDO4
60760-465,Joella,ENFHTHgP0,topic3,Lannie,bnz7JfVu6K0
48951-9001,Erhard,zYAWubnT,topic2,Dorelia,zDfOMyT
57884-2021,Jasmina,NQQsWkSO,topic1,Scarface,eLSm38
75921-125,Joshua,o4umpr7fD,topic1,Davidson,OmHniqk
44577-205,Lorelle,eq4ZRCgZ,topic2,Lindon,4GaJI0s
49349-392,Caye,sBHAlI,topic1,Gallagher,NQsRSn
49967-347,Rikki,74GhF5yA,topic3,Amelie,0pnp4K
19392-130,Berke,DBfek8,topic1,Dominic,hsKU1Rwv
16590-689,Netty,nK9uNaQ3dSV,topic1,Reube,flXhdcXj
0115-1152,Andie,1TnAfpW,topic2,Jasper,bXTniX5sSDkd
68258-7056,Cayla,HSNUFO,topic1,Culley,aAbuDqiyl2
55648-545,Estel,JgQeC6EFP,topic3,Hyacinthe,5o03JUdkCG
50436-3155,Vittoria,SuLzFkHa,topic1,Timoteo,2Ap40j
60905-0003,Jacklyn,PAUOF9AP,topic1,Tanney,pVUtAIMWj
35356-681,Jaclyn,9jBerr4X,topic2,Livvie,wiZcVDJ0I
63304-156,Gabby,UtCvOHGT,topic3,Othello,QvkZT3PVIjC
52584-037,Zelma,Uu9Ny1,topic1,Tressa,ieZ7uXuois
42291-717,Juliet,un91f0,topic1,Meredith,vGNfYBF5fMp
37808-687,Rubie,RbIZ2T,topic2,Lena,TeaBkZIgzKB
53389-000,Phil,KhK2JRsItW,topic3,Alexandro,KOuf2ldGe
33342-102,Gerrilee,Hb2beLQgAEw,topic1,Hazel,8iOU51u
63323-212,Dame,woCUkh,topic1,Millie,MsnNJjyhdrB5
41190-368,Genna,5laua4dIe,topic1,Ursa,xUyWeDL
16590-317,Ingamar,QzdjQn3lH,topic1,Dante,IYs0ISS
59746-284,Garrick,8sfIO5b,topic3,Suki,WEp23n
37012-199,Arlin,hlrWh7BNHG,topic1,Alia,aPlHjKu
65862-011,Townie,pf07kl,topic2,Kellsie,pZKbwibI8qJ
54868-3155,Norton,4YLjfQm0MD,topic3,Constantin,2mR7Zej
50227-1020,Stafani,qGVFwNRox,topic3,Bendix,0FM5Yuyu
43742-0364,Fitzgerald,hmVJCp,topic2,Silvia,zzOGcO
55714-2238,Alastair,Esw1SvKUz,topic1,Jeanette,eT8eiS9N7B6
51079-034,Idell,a2EiR1ocV,topic3,Drud,bENeM5EAg7xh
60505-3247,Delmar,D2AntwvX,topic1,Sena,C1mNIci
46994-908,Lonnard,IgHXUuFdduuQ,topic3,Kayne,qci9Nule5Oli
16590-017,Nicolas,5ZjufZ,topic2,Otha,TNKzSUTV
42361-032,Kathryn,7AGk2kv,topic2,Suzanna,4k5GJc3Srtd
59779-008,Bibbie,tZiVBv5ts,topic1,Hans,uMsOvc9KC
55154-5708,Michel,IKUlJQiA,topic3,Desirae,NNDNHAb6U
50458-680,Elset,SaEZHkxL,topic3,Kaylil,r5UNOnM
68745-1018,Lauretta,nmtvoGHbSxP,topic3,Hortense,Za7WRTNpco
0245-0169,Deva,MdUsLUrAX,topic1,Johnath,y7B02eM
55910-556,Aile,5ejx7lH,topic3,Persis,GVc5mq7M0T
42998-963,Carree,uORv8mMN,topic1,Leslie,RurxWCTZVIif
0378-7351,Melly,UVrtNangHgO8,topic3,Silvanus,NykioyJ
76439-207,Stinky,aZMgTZxe1g,topic1,Teodorico,xSNLv7bOCjo
49781-037,Ingunna,PGRuKvZu,topic3,Adrian,CMkQac
76354-012,Humbert,UuNpzo5U,topic3,Baillie,nXTXND
61477-208,Kimberli,38BSueNIrwgn,topic2,Barnie,6jlHo2rli
52125-749,Trent,8eSGXY,topic1,Goraud,oNiTtc
42291-108,Madelin,qo8ZFME,topic1,Caterina,r5eHQI3
68428-013,Sashenka,96d6qF2ylN8w,topic2,Astrix,0jUz2o4j
36987-2018,Boigie,HsCtaeb,topic3,Guillermo,63aSFonHa3
0904-5792,Denys,qR3giQ3AD,topic1,Mohammed,5FEfXBrs
16477-562,Bethina,yEzFac3i,topic1,Belva,IXNA8d8
11344-616,Dulcinea,WmmrBxLwN,topic1,Rennie,kGAo0INcIZe
52755-400,Garrett,EB5ewUDFS0h,topic3,Lorie,OZALU32
52682-047,Brittany,UBPYRRvnXVOc,topic3,Horatia,akKtT7ugi
52380-3102,Burgess,wpSpPoKHksn,topic2,Ruthi,6xMBGB26i
11584-0030,Drusy,TCGXtcMKM1,topic3,Cordy,nSENiCRRkVnP
60512-6465,Bram,qTsVuSOwo,topic2,Ara,q13F4foKzJaj
0310-0131,Aloin,Pqf3ZToIlu,topic3,Siward,Qa2GSyI
68599-0208,Patty,p6bEvLQLMcw,topic3,Delcine,FJyrTOMg13Y
61722-084,Jens,oNPQfh2J3Ab,topic1,Bartolomeo,y3wORwh
65321-020,Hatti,YJYIwVnw,topic1,Gray,DIE8BFG
0019-1333,Kippy,jLnmPBQU,topic2,Duffy,xyI6RaUIVhW
65862-471,Audi,ECMbuywzbSla,topic1,Kelwin,gNNU0Mh
52389-638,Felicle,mSYlA5IP,topic2,Celie,zt33qGtT
55289-520,Erik,rEKVG0ujb,topic1,Alister,QI4cGi
41250-167,Bo,IkDo4s29,topic2,Zedekiah,RRSnRYX0
53329-808,Billy,0wYis9CfEfQm,topic1,Antonius,Yg5Qe0y
0456-4020,Arlena,rb8I4mwujyvf,topic3,Kameko,UonXgR
41520-085,Clyve,Sr0E5a0,topic1,Gaspard,VXtRyZ158
42549-608,Julie,JZ5j8QKz,topic2,Freddy,tVyXgjuxgp
59148-010,Killie,X4In55,topic3,Angelo,G4DnxPA
52125-413,Sharai,feqcpBvV,topic3,Briny,ztGmsXk
68016-005,Javier,ZbfLsEqLq3Io,topic2,Joyan,c0iultRqXSBG
54868-5415,Guendolen,OdyTCV6BmV,topic2,Broddy,PKnmjnMQ
49873-704,Nelia,JvRLuejY9lkt,topic2,Kahaleel,27IDgqrlpRLD
0591-3494,Giulio,zOm0WXTLfrt,topic2,Bonnibelle,GSHN12
61727-339,Batholomew,Jz7JSSJVWM,topic2,Marcela,4X9Qxg5
60505-0135,Doralia,vsIjTAKWamoo,topic3,Krystalle,jH7NW4Qj
59148-013,Alena,3e37QNjbo,topic2,Tom,uOp8Ic
24571-105,Fionnula,WfANIUyN4t,topic1,Daron,atcoGuPxQ
0173-0523,Sibeal,aFjxzJqlpqk,topic2,Ricky,tO4h8bsiWKj
31645-159,Hildy,giuYXRgDKi2,topic3,Cliff,uKxiDi
35000-867,Phillipp,b7y9uASZ,topic3,Hervey,xwRdxG38kYI
33261-460,Arleen,FPJ5FJ,topic1,Raffarty,DqC8hHEaa
0363-0911,Zorah,53vpcI,topic3,Jessy,GT9Z0TF
13537-269,Aggie,UyRhCX6iZ,topic1,Dido,OzcKHbojHyV
63459-177,Arleen,qxsnid9o3EeA,topic1,Cortie,pBvB1CHA
55655-121,Mikol,rLOQElokpIz,topic2,Idette,q5ZrGvl4N
54868-1827,Ardis,AxLnYBeT9ay,topic2,Kenneth,b6zsXrOqKCh
0642-0077,Clarette,Rk18VFlQhm,topic1,Ralina,zESHGSI
54973-1130,Ive,dyjtW2FFxx6,topic1,Jeanette,wtJF9K8
49973-244,Marcela,V5y6UMA974e,topic1,Nesta,GtIQh14zOl
63481-438,Dexter,iRzx2z67aGcz,topic1,Hewie,tRxDhn5omiSG
75862-006,Bordie,2tmYACMF,topic3,Jami,7TSh21g
62856-389,Dani,k4PeiHmJ6,topic2,Clary,ay0qySm
0186-0452,Vin,jXVZyZf6stV,topic2,Nanni,w49Mz1tv9o25
36987-1628,Marcos,2AnETt4M8,topic3,Rebekah,BmDmbH
0641-6137,Allie,UrlQXrVdj2D,topic3,Sheppard,7gyI38ccNj5U
52959-420,Jeffrey,qxptz6dQfJ,topic2,Rubia,afAvsVdM5nnj
63148-450,Bendix,3hlafWx8,topic3,Breanne,8rSk0P
53489-647,Baxter,vHAPsYZp,topic3,Alexandrina,3vRUXW
0641-6139,Ebenezer,psKYq39Xn,topic3,Ignatius,0Ocejoqi57
17478-514,Warde,diFAQAN,topic1,Teddy,LgY5547QSX
37808-552,Jerrilyn,5SJi4aebJ,topic1,Salaidh,oYQMkDsQaz
66993-893,Terrell,ujsqyYdTPWb,topic3,Cherie,WVhka2
51334-897,Warner,JTb1QTe9ynUq,topic2,Jordain,ZnOaXeKx
0406-1170,Russell,gNwvzENp7RT,topic3,Amelia,hobkZvsAXA
36800-958,Hillary,W5wHnEd,topic1,Sydney,1xqEyB9cONK
10096-0276,Tracie,tfJFIdyA4WQ,topic1,Aggie,ycoIGGon
36987-1448,Kendal,DaOqQm,topic1,Connie,Yz9uYJ15wXk
63323-359,Coop,JWvuC1BG0Jh3,topic1,Bobby,hCFq0Npg2
51393-6555,Jaquelin,PrwheS,topic2,Aland,hlYweLtDms
54838-139,Kira,C9w9LM,topic3,Shurlock,KgNaIYfpq3
0056-0169,Jill,f4kzQdAAn,topic1,Gillan,yWcZHwC7pSLr
49288-0263,Kevina,xLKQm0K9Nkx,topic3,Raquela,Pb9UNAsam8N
68462-223,Alana,WPxS8zBoh,topic3,Irene,uyuKLpbIy
63739-355,Jerrilyn,ywVwhfxS,topic2,Lise,8K2fpSbu
37205-223,Sam,5Kci1NWXb9o,topic2,Elden,Qn1ABjWA7
41250-603,Spence,ACCigm1sKf,topic1,Rosemonde,qFRimdcLf44
50111-328,Waly,cvMKIgbEJp,topic3,Ernie,RAa8W9ec4A
65437-037,Michaella,Car8VhHezV,topic3,Maggie,yQ7UHw1
67457-196,Odo,G1QH88oCC46,topic1,Brnaba,5hvs6v2Bc
47682-184,Marian,osQM6P,topic3,Aguistin,okej36nxT
68151-0523,Artur,DKPxMei,topic2,Auria,I7hyg1
24236-809,Bendite,XGD0mIrlLzh,topic2,Mitchael,s3D9vU9UxTIX
61767-224,Seymour,ixzHdvnTc,topic3,Egor,Qjq7XC
49351-015,Mikaela,x2TUrHu9DIQ,topic1,Ede,7v6ytG7V2BW6
35356-743,Lita,kVyrd4CYEUaG,topic3,Euphemia,38ECnl
61957-0202,Aaron,lrsEolKj5WS,topic1,Carling,leROyW
0904-1251,Jody,cr11rcOEwTr,topic1,Jud,VaiX3C9PLO
67938-0858,Wally,neUUjoM6t0,topic3,Rocky,XCHiXYQ
60565-040,Marci,j21L59xB6L0,topic1,Levon,YELZEBWYZY
50268-755,Conroy,TE4MrkOz,topic2,Angelia,ya7bDSve
49288-0294,Kipp,LABtqGAEtSb9,topic1,Blair,o959h6Hg
53329-981,Filberto,1nHfJnLgZRQ,topic2,Nelson,XzMGmr
24839-349,Stacie,YnK60lasc6uR,topic2,Fransisco,FKKPSrBro
50685-005,Neely,KHaNZauaRlFP,topic3,Corabella,WpalT5lOd1
53329-673,Ferrel,xDyVhtmul,topic1,Edd,t1Prr0B8
36987-2153,Shana,3MH57Ayn,topic1,Bryana,ctWeXBXt
63354-315,Caitrin,FM8t8lDPjb,topic2,Karlee,IxjrZfcIy
63941-527,Lucie,NMr5MPo4BXP0,topic2,Irv,wSUtWFK8zjs
68016-194,Manfred,U3Wm43xSIy,topic3,Heinrik,nsVK6eE
55714-1504,Richmond,0pk1QHOiDeXB,topic2,Darsey,90oY8Sg
10893-450,Kirstin,44wnrffXdF,topic2,Brion,oLkvLg1eHpU
0378-6220,Astra,svdg7OC,topic1,Beverley,lcQu28AMz
64376-129,Whitney,iJQbu8IsSE,topic2,Lorain,LPbXMGY
68084-360,Thatch,vueq19U,topic2,Gray,kZPvTRbElOra
36987-1579,Romona,JKPssgmDpwf,topic3,Ruby,z9JNGZUmgO0t
11822-0823,Leigha,BehBa4u,topic3,Felice,sKlEbxlZVEU
53808-0765,Stu,B95I3dPitLHN,topic3,Julie,91RwBUAw
24385-147,Loren,Cxck8DQldu,topic3,Jaine,leWng3nvaS
36987-2416,Linnie,ksonKlPAwg2R,topic3,Mordecai,iC4OrZ
30142-822,Nap,ayl9g0Wc68,topic1,Kacy,ftrK1ti2u
55154-6705,Harry,7XHXAnPwx,topic1,Vincenty,McQQST63oUWz
21695-085,Tasia,INp2lOwOf2f,topic1,Wake,Fld08DTL8A4
0095-0049,Therine,dq3bc7VauP,topic2,Merline,MPLGL1bRzCm
65862-227,Perri,HmBMBMaOLkvv,topic2,Anne-marie,DzoiMAj4oL
54868-6099,Sutherland,91PfxLDf,topic1,Karine,GOnYgWOW0pzs
49349-779,Bella,UA1tJ1xj3Z,topic2,Syman,MEf9W3loqH
36987-1817,Gilligan,lwjYD8mETNJ,topic2,Cathryn,z5ZDBEsLi
63187-047,Sutherland,H0Oj5u2is,topic1,Rori,q1FWbFZamiQ
64735-011,Carney,X9TDEn9IPc,topic1,Burr,gKoTLWJQzr
0591-2472,Delcina,DPOYdAJT,topic3,Noell,zMrYZfA1
0069-4395,Cosetta,zsAdjNZAa,topic3,Bambie,qRFhTyDmja9
0067-8106,Micky,eYKMtl,topic1,Madlin,q2wvY1c27
0597-0001,Lilia,mcp4zHpk,topic2,Lonnie,eHTUdf
64768-2920,Raf,jAQLnCaR0,topic2,Alaine,JLrTYr
62037-710,Bee,7egiHfTd7MAt,topic1,Marget,XyEjvA
36800-096,Burch,pT9sisUuc,topic3,Maryann,Ef3ivh
62450-002,Selena,4jzIyU5d,topic2,Adrian,bUNjBejKVV
0378-2096,Cassie,gqf1as,topic3,Rodge,pP7ZLmF
68084-533,Margaretha,3zP8Gpg0mqA,topic1,Tull,eoZXLIjCmApS
51885-7500,Fabio,FddnMPLVLezN,topic2,Beckie,Fj7R6t
76168-009,Eartha,lludaJfYsF,topic3,Eran,o64g6wp9
43269-899,Joellen,bUp8wgNEA1,topic1,Mitchell,KlznqjYFNR
63629-4851,Den,QCakS2zwC,topic3,Heinrik,FmND66N
0591-1118,Brad,qBJzWC8uc,topic3,Kyle,N3NlgK9
69158-005,Sargent,bGqWy03cD,topic3,Francklin,KyV6thHNMJz
51201-101,Michele,Oj3VZB2H,topic1,Nell,UKEnt7Xj93
65862-211,Ilse,ziHnC3gSR3wW,topic2,Janeva,5hcGVAz
59351-0312,Clevie,0t26LmACJYB,topic1,Geoffrey,IQRKaAStw
47682-170,Robby,tBvmKBCMQn,topic1,Minna,ry2Esyk
0378-5145,Adeline,INMWDT,topic2,Rudie,jrJVFXy6D8wZ
76466-010,Boyce,7Lckwc,topic3,Cody,33JCqdMU8RWY
50436-9991,Tish,WMjMff7,topic2,Kasey,OxisAI9D
68462-192,Parsifal,PEhQlskQA5,topic1,Carroll,gcnPNF3wU6Z
75857-2303,Harriette,ZlXibKpnx6P,topic2,Temple,SMEdi4
0078-0343,Abe,XS98LQ,topic2,Willey,osYg7HH
62756-543,Inger,N4Kjy6fBp,topic1,Des,zzjyqCB
55513-190,Kass,h09LySwSn,topic2,Jody,y8VtNCS3QY9
49972-010,Roddie,CW51D2k,topic1,Gerrilee,kIS7x17
16714-298,Calhoun,AO8OAQgn,topic2,Maurits,4oWK5G
0185-0149,Artemas,Bo5Xxc1K3X,topic3,Cobbie,T2lCRdA2mvXQ
50563-204,Shelley,m0c6Pz56cKTA,topic1,Terry,M1FDsMmKI6
65162-649,Joceline,TeSqD3,topic3,Elsbeth,iWelis
62211-046,Emanuele,zJqPrDz,topic3,Britney,OokQX7ky8Az
42254-216,Lutero,4ApcRsAqBYH,topic1,Son,W9FYsqfKS
60681-5405,Bernadine,HSSl3siPkA,topic1,Ezri,1eiD93Y7P
58118-0012,Merissa,5eNTykVu,topic3,Alexandr,lp0tdeIhb2WW
63868-160,Lissie,9cUIsWrepO,topic3,Barn,zdd0DMZ5dH
0904-6372,Towny,aRgfrLGriS,topic3,Briggs,T9kAzDr5Oe4
64942-1066,Hendrick,XsUjkORV,topic2,Bobbye,tYoUEOqYivX
0310-0951,Hakeem,bIX9bGi,topic2,Emily,gH8B9r8
66715-9837,Anstice,QAsuul,topic2,Karoline,yYiDVkU
52125-376,Xerxes,O1Tyl464KIM,topic2,Clarisse,6Z4Fy1rx
50436-0916,Esta,EXZz6iMmk,topic2,Darbie,4JrzLJ0yFiz
0832-1072,Benedetto,Ri77wti3U,topic2,Eadie,hbSi5VKI7fi
59726-109,Ines,NcF0866ed,topic2,Cullan,VmLWMwE7B
57520-0171,Daisie,8RW2fu,topic1,Raphaela,gzzmx7
50111-563,Hilliary,SXo6X528b3y,topic3,Freda,0r0a111PIR
37808-166,Sharon,rtaXNPNfdO,topic2,Katusha,FVbKQrwn
60691-115,Noble,D4ntO5deXIy,topic2,Talbert,v6O53j
41250-667,Aland,t6pL8QMKW,topic2,Roberto,MlgJ7M
0832-2012,Ramonda,vOmEdYw5W5,topic2,Nap,wBZHWmN0V
17089-295,Rosalyn,oo67fG,topic3,Sayre,iplvR96RXX
65601-170,Kerrin,9Z9CFOL9H1Y,topic3,Ned,Jg3FCZ69b
64725-0041,Bruno,MmIUD6u3lkff,topic1,Elsey,Q6VxeEF
43063-212,Andria,SZfsyC,topic3,Jody,k5nuOP8zVl5
0574-2020,Judas,4G977nhJ,topic2,Calli,uBucrCg
50030-001,Cacilie,XNPxyJP,topic3,Theda,nwoDD4QB
68788-9087,Matthieu,p4u8QQf,topic3,Salvador,0ESniXQ2WID
48599-345,Karie,OymFjAyMeB9,topic2,Delilah,zyvUuc9b3Jus
48951-6034,Hannis,ofqprcsbCUG,topic3,Wallie,DSfacWtBsiB
47593-506,Babette,K39pa9Pj,topic1,Salaidh,3oHnqhV
52125-163,Eryn,quBFIso8sD,topic2,Kenna,awRdpVv
64127-134,Cynthy,RjAQ5hr4,topic1,Giulio,3wf7jnC
68762-107,Jere,p4RGF7lhXniW,topic2,Kaine,ykowDdS
49035-719,Midge,Z4bdxtc71C,topic3,Pinchas,l6WoiuEd
0472-0013,Codi,jw8oQ1,topic3,Dwight,o7igLnDLtQ
0074-3457,Maxie,U1x8ftn,topic2,Giffy,ijQxPEdpaPvg
0440-7852,Randell,EFvYuPZTbC,topic1,Damiano,on8CM6W
59088-740,Orland,YwN19B1AE,topic1,Pasquale,9a3Uf3biFkUH
62566-001,Antoni,el2P4Xy,topic3,Theo,0MoIBW
37808-300,Travis,B0uTZvlTyqVX,topic1,Aridatha,urUeHzcbNg
53329-138,Tremaine,ty9tAiIP,topic2,Olva,DS5cqF2E
54973-7510,Cindy,fljjhE,topic1,Dill,KlCvZRgse4
10742-8663,Lynnette,369mJCeA1,topic1,Catriona,cBlxL8LN
51672-1306,Jeff,JCCeI8,topic2,Egbert,QLJAPC7Q
25021-815,Arri,Ym6H3f553N,topic1,Alasdair,DMzWE5Onm6tB
52584-614,Fletch,X7g79eoK,topic3,Caritta,1KJw0DD7hs
59054-370,Cher,dt1bL4gPytQf,topic2,Coleman,lK5DWE
33992-0010,Dyna,Sym2Bdr3bn,topic3,Maressa,TtqqFEhal
63629-1560,Farlie,ytNm8tX5EQ,topic3,Lion,aMPWqrauyX
63629-3296,Bjorn,Xl6sZAebnU,topic2,Jereme,mlwgK7f7m
0404-0712,Pieter,CxQi16amH,topic3,Annissa,GvRicjPo
54868-5392,Barthel,vwzFR29P,topic2,Madelene,fVSYzJTb
0131-3267,Sheri,CULvREhV6,topic2,Martainn,xwAE51ax
63941-354,Netti,OI52Zcl2e,topic3,Siusan,9JEzYZiz
24090-479,Glory,jzMT8ta6UVL,topic2,Mel,3U1g648XCQc
50988-405,Tyrone,Oty3PMYO,topic1,Nathanael,xqeFQr6xdybW
59735-304,Vale,2GKgjq0cxV,topic3,Yvor,roLdFwzKkL
0007-4896,Chiquia,e6SUwXYgd7Wo,topic3,Arnuad,hQqHu82RXw8
57955-6166,Sashenka,qSNBFKJiAi,topic2,Juieta,93GQvBMMV9
0548-5603,Jonas,BwRaSOu,topic2,Rowe,UpGEcNAeN
62046-001,Isobel,rXbJnnx2JR,topic3,Jacynth,JdZIXQDQ
54868-6065,Ulrica,iz3XDPO,topic3,Patrice,loOX0MlL
55154-9441,Susanne,C5N99ze2tagd,topic1,Blinni,hLqtwfHCqet
65862-494,Jacynth,NjKN8r27ss,topic2,Roze,uXchdM2WA
10267-1936,Belicia,ELBFOZiWL,topic1,Tamera,TpTmBrWagmjS
0023-7824,Olly,bA4CVvJ5ECi1,topic2,Shannon,BNvWF3I
64269-9910,Grissel,FaDoLzejJAG,topic1,Ase,VhNAdeD5
76282-228,Jerrold,eWPiR4,topic2,Bibi,p9Rqzg
54868-4174,Corinne,9pR41DJj6d,topic2,Kelci,xn43JtW
0409-2347,Phyllis,Ai93pBDZBsh,topic3,Josselyn,9zVDvR10
47593-381,Melania,AQlwOOOEj,topic1,Flori,PuW6Gtfwkk
68258-8001,Mirella,jhmx0fDihle,topic1,Odelia,Giw1BVsDlY
55154-9553,Theressa,hO5os6UB5,topic3,Karl,juOaF4B
49348-530,Norby,4OTtxX6GUcT6,topic1,Daphna,rvMVLQ2g3B
0168-0278,Friederike,PL7wY2Qq58,topic1,Ignacius,JdUxv4
49349-128,Rafa,bq7lnW4lW,topic1,Zaneta,GSkBkaW05b
36987-1578,Corilla,JtZjxP8w,topic1,Astrid,q4GCFmAUV
49873-703,Elia,1yaUdROgldC,topic2,Toni,LIZ8ZGSh6
54868-5437,Joceline,5yVrQCq8V,topic2,Erl,nTS2OT
51224-401,Ardis,U1zjP6,topic1,Dotti,OZJtTYkpiY
0615-3532,Lynette,IMU9KDFs9y,topic1,Cynthea,NA1Wv4XC
69043-001,Gilbertine,z8ErJCxs8,topic1,Corbin,svpEnod5RD
35356-744,Chiquita,ZmpzNC,topic3,Rock,qmrSqnB
49999-610,Kellsie,FzPFWec,topic3,Emeline,GMqFxb6MwgNa
54868-5934,Andre,JY9mwNN7drK4,topic3,Hyacinth,Or99BVBZZ
36800-011,Erwin,1ePSLbIIpkB,topic2,Doris,I5VDnY
59148-007,Dominick,PXTokAgf6,topic3,Nadia,DjcqFRPh
67296-0527,Tiffy,HumrEt,topic3,Silvio,XCYeb9KqrL
75916-0635,Homer,opy64pZK,topic3,Gustav,FCaEmg
68084-486,Ephrayim,D9aQw2NNR,topic2,Klemens,zRxOfzOv3
63850-0022,Lynnelle,9uEudoKVEu,topic3,Jannelle,McE8mCaktX
66213-422,Marlie,VGN3NdvwJ,topic2,Linea,gKnqwqQw
57627-102,Geoffry,7adPWGbHu,topic1,Tania,Q1KK7y
68391-200,Aile,J2GN1mejlx,topic3,Byrann,UhaVZ1U8OPy
41520-471,Neil,3NtO7J,topic2,Dorene,4vXpx2QeF
37808-072,Florencia,Lfxh7DjD7Hb,topic1,Gabbi,OIXxY8Be
55312-233,Kendal,rmVmAdGSLwU,topic1,Hilton,mCV7n7c
0904-6252,Shae,3Q5BGHQOf,topic1,Callida,dUGe59mIk69c
33261-458,Corilla,HxBUmw88Pc,topic3,Gilemette,G6BZjLwUSd
67296-0584,Herc,JLcOBjj9X,topic2,Mar,acMgZz
68084-559,Nickolai,BGGGNGE,topic3,Gabbie,03fWud
41520-142,Antonin,Nx6Ie5g,topic1,Lorita,THF9MymY16Xt
54473-166,Vonni,Nspt9ytvP9aV,topic2,Derrik,wTTIDaM
64616-041,Shane,M0x1ft4XTDHl,topic1,Elly,3Tvk1wVJP
49288-0941,Sybil,fQbWttwY7h,topic1,Shannan,lvmkE5xmQs
68737-227,Horton,AOUUQpD,topic2,Leeann,hZz40b
54868-0700,Thorpe,AAUtq9mjk5k,topic3,Cris,UGOx1UEUmW7
0409-6482,Karylin,vti6GJtJ3,topic1,Sasha,sXll9uZ
0228-2540,Andeee,mGWlq77,topic3,Ranee,DezK1Jjgo1
59779-219,Jewell,NYBHlGO,topic2,Arleen,yLulyR
10812-041,Jesselyn,hFlWPZ,topic2,Deane,ijY5ROQMvmZi
0173-0565,Shep,jsEJCW9CXej,topic3,Justina,qKSrGxr6
43857-0281,Torey,bP0NyPNYhr,topic3,Beltran,sXfBPwZ7RMT
57243-501,Harmony,YNXp6Tp6L56,topic3,Emanuel,yY8hBlLe
41520-234,Sally,Ek7i9FS,topic2,Gavan,TPfPtd8bJz1
0074-3282,Aila,T8kBqa,topic3,Stafford,wvfD7h7f
52124-0113,Rodrique,8AGSzvzjIti3,topic2,Nellie,iBg4arQ
31722-739,Freddie,adm0xVi,topic2,Thorndike,jQzurYxoay4I
51672-4037,Minnnie,unFD3UZTJ2iq,topic1,Elliott,V9p5OftJfIO
50436-0324,Hynda,7iWoZLkvWIfZ,topic2,Kylynn,qCzjVv7qaJ
57664-162,Goldia,hZRfZib3x,topic2,Victor,04wmYH
43526-112,Sonya,w5injKpwBX4,topic3,Dayle,XjELUffPbu8L
0268-1318,Gerald,rTCaE962Y6qr,topic2,Brandy,u2RrLAIObS
42494-119,Alyss,hl921kSzP,topic3,Ken,8GoxJ0eyB
16714-588,Shanon,Sh6mZxNLzT,topic3,Oriana,V49IRgFIOhQ
0121-0775,Emma,vOHw9LoMa9Bv,topic3,Jocko,k13181f5ecYt
10019-179,Phelia,0oRQbq7,topic3,Ingrid,bJJJdB
0781-5185,Elbertine,Z1r10D8U,topic2,Marillin,e7wqgzZ
62011-0037,Derrik,2wWOJiJYcF,topic2,Drugi,gB6SFnJI
60760-495,Aurore,vYmH2VAhlT3K,topic1,Jamima,04qQOvkLFe
51060-068,Brock,ieKJYMQ,topic1,Ranna,evc5V2SpN
63187-069,Bruno,ezylFTxjW,topic2,Britt,dGSda2VKMQW
67457-491,Persis,o0kv5cwzHdLF,topic3,Katharyn,GiEI80
0065-9240,Barry,z0bWLUwUVn,topic2,Kamilah,hlR5iip62Djc
44076-010,Duane,ZYLwa6Ak1MBr,topic2,Heloise,XJVtIoST
76017-100,Flem,9ehiZ99uVc,topic2,Smitty,oqTJR2
53063-1112,Slade,uhRxg0F,topic3,Gerhardine,WWH41d3
50845-0003,Joya,dt1CMa1,topic3,Coralyn,Hbo3MaPOcy5d
0268-1241,Sue,F91qnRWT9W,topic1,Webb,u6xtZ5kYE
41167-3330,Jorry,XG7TzDr4S6I,topic2,Skyler,Og6cc54foZ
10237-744,Fran,7syxgN,topic3,Marika,qyYUHdgvVK
0268-6651,Leighton,GE5dUopT,topic2,Renard,6NzyrBMvSa
10893-710,Felipe,Sv3Tyoa1rnw,topic3,Delmore,aVyur6gMV
49288-0396,Hamil,14rGPQYq3r37,topic2,Lynde,HiKocVdOM
0409-1219,Sean,10MwMypS,topic2,Dermot,teguI5LJaN
76045-004,Hortensia,098VO1y7,topic2,Claus,dcFFj59
49349-891,Malinda,COefRz1IWT,topic1,Devin,b5xQXOnrh
66579-0009,Linnet,pyI8Yd,topic2,Tanitansy,7N7pUMCSjtO2
36987-2958,Ericka,ezaYFl,topic2,Patrizio,iyOAuhZL4
0378-0757,Dag,DDUzFe,topic1,Baxy,ynOQXy9
44237-006,Demott,8o56wcb5r6P,topic3,Kurt,bibERSp3dPXQ
51346-259,Obadias,bZAvgBpCs3,topic2,Dagny,G0IetpLFHy9T
55154-3726,Rebeka,niKSXMJSf,topic3,Brandyn,4wztsY3
54868-0451,Vidovik,2Z5fwPAHq0,topic1,Thomasina,RDUoutd7JAYW
59779-952,Alejandra,rnDuWDzngg,topic2,Benedicta,xrQE7ejJxNc
42211-204,Burk,gzkjXwH6d,topic3,Margaretha,Ca2cPaFKbsH
57955-0212,Sorcha,0iB0vkiv,topic3,Stephani,v9MbrED
52410-3045,Ellene,Z5D9xqV0Wp,topic3,Gerta,6lDEm2iwQ5qR
49288-0327,Tessie,1qyyY0L,topic2,Rodge,5YSn82COj4Zr
50580-226,Tobit,HFjQBclO49sm,topic1,Sigismondo,1PWswLeoM
10812-301,Hartley,B6cTxmSFp,topic3,Candi,2ioU6OZt3XP
63629-4699,Khalil,E21j13MY,topic1,Chryste,70r3rq
68084-305,Joell,Dn7CoNVjA,topic3,Nadine,Jrrnrpaul4H
10565-467,Gaby,zxv1xdahQ8i,topic2,Venita,Ra33cYE
0268-0082,Merilee,IXPvLS4wQ,topic3,Shurlocke,dxrTL4kCv
53489-215,Aggie,YKkca03DkF,topic2,Kizzee,imbDz0JFMk3
49288-0063,Dennis,4qpPqavpj3R,topic2,Cristobal,ECn2vVLKNGPe
64117-831,Kristi,0Xuy8mmlZ,topic1,Melessa,mrq1WFm4
24385-098,Curtice,xn6ypkfbM,topic3,Agnella,gooON0baB9gL
48951-4070,Missy,Kx4QiA0FGz5,topic1,Barbee,10yTI3
50436-3593,Teressa,bLZEoUKmm7sq,topic2,Ezri,BWkhAN
13107-070,Cynthea,yHvZqX,topic1,Wandis,1sKy7e
33261-460,Fredra,avjQMTr,topic3,Lorrayne,WvbXM7k
49349-061,Lucy,N4v2KR8zADI,topic2,Trudi,yfAtjV0asfHN
30142-202,Edeline,RauK3ip7T,topic2,Kelby,VGSroS
63401-681,Lamar,wmtm7Usti,topic2,Rob,fh2G0Ykh7m5
36987-2172,Tadeo,srcdHlkaXH,topic2,Jackson,ONB3gxn
61715-089,Brewster,eAz68OOvi6,topic1,Loralie,ueZ3HF
49999-987,Arney,anhn7r87K,topic1,Engracia,RpPIKEwuv
37205-030,Sherm,RdEt40,topic2,Roley,672F2d
10967-584,Aldon,Q0DyzopYnkWJ,topic1,Kathe,X1tzo3iTCfT
62756-700,Annamarie,Iu475BPE,topic1,Coral,xtbORQSKNgy
43063-531,Belvia,w00qpo,topic3,Licha,YfsYrU18Tp8
62670-4791,Bennett,RwC2OV,topic3,Odille,Yrx240g3H09
43742-0180,Marsiella,NTOa3zbCDTN8,topic2,Piggy,0htw8L
49348-412,Lindon,ywDw7Qf,topic1,Pattin,s59aP3MyM2k
0093-5503,Bogey,bX0zPprsD,topic3,Dorie,Zlyi8Ylb
21695-154,Kenneth,fOWX6TylCj9,topic2,Dody,brMb2kIbxqKx
51285-127,Tailor,g2LOa0WE,topic3,Xever,RIZsvdJ5B4n
0378-6280,Dael,U5bba2,topic2,Jodee,eoVCCA
54622-698,Rayna,BRo6I6,topic2,Fidole,xVKKHUj7Cr
99207-172,Alain,5LPoL7MDhu,topic2,Maryjo,27hGDYs
44911-0054,Alwyn,Z8AS6xAd4Ft0,topic3,Dirk,L9imPj3hd
49349-441,Lewes,CDy3lM6,topic1,Lou,t3VCrI6bcch
49035-733,Carilyn,kkyUt7,topic3,Griffith,9h50SZwImytJ
54569-0958,Zita,5AFYGiXSFnYC,topic2,Rebbecca,sXKHWh
54868-1798,Dacia,WjoXSOvIpZrs,topic1,Whittaker,dp2mEKKz7D
63629-2952,Blakelee,YhO4PKABga,topic3,Tracy,8VMdeA
50111-467,Othello,gb0dNI7,topic3,Roland,jD33JOEq
16729-001,Rozella,hk52BS,topic3,Dorolisa,aY5Gk6H
0363-0347,Rutledge,Y8cE99riHXuK,topic2,Kelvin,rPCLiI7I9g
15370-032,Chance,Z2J7i0ZA,topic1,Alejandra,qDsgCq
49349-638,Nicolis,zR44zoQ9HS,topic2,Iris,uB4Qd30
0904-7651,Seline,FcAImPBV0B,topic3,Maxy,AVO0yn
57520-0424,Mara,E3zoHcHU,topic3,Joyous,VdTbwL
36987-2377,Jess,vsibNZEtLcTB,topic2,Darell,7c9LPttx
65044-5054,Heindrick,pvxTMEgb,topic1,Amelia,59KZsMl
49288-0763,Kerry,eKqpFfyejD,topic2,Ricky,R6WP3DaAhEF
57627-163,Elbertina,c95FxNpCS,topic3,Berti,iiysF0ciN
51079-224,Kennie,u8nk3C,topic3,Paolo,KQZzDyio
58980-441,Tye,RUJUsz1Dp,topic1,Purcell,a1qYtdyo1KZA
0603-4112,Jasper,WPxxfy,topic2,Freda,dgen0tgHiHs8
50436-4027,Kassandra,kMjAYJ5mm,topic2,Cher,DFvxpTaKXVl1
53097-101,Gary,t2K4homF,topic3,Maurise,s3Zhjp
50242-145,Valencia,2lENkyt,topic2,Aguistin,0mrbFzj
49726-009,Felicle,MHNFMbEr,topic2,Tabby,irEwHelW8
64661-811,Jacques,9iAEbhLu8h,topic1,Valentine,HQBPF1
36987-2892,Cesare,t7lp2zD6mH,topic1,Taber,XA0ZThDj
51079-235,Theo,uijKHluli,topic3,Sibel,ozieV3
0074-3058,Whitney,X6Kbwe1g,topic3,Blisse,Y5DxiaT8ZsT6
45028-001,Debbi,uksYTErUcLO,topic2,Stanton,kZjxQk
62902-0001,Janice,1kjek1VwfoH,topic3,Rudolfo,1573ZKpaM
44924-017,Charlotta,rJYhKPcBuw,topic2,Si,njmUWM
0268-0655,Avigdor,UAv05zn,topic1,Emilia,h97IaIi
70253-375,Jere,E4oWmF,topic2,Bobine,DLyN7u
68196-458,Dael,BdvzFC,topic2,Adrianna,u9pnJ40lU
58232-0038,Cammy,H4iGdCoOC,topic2,Cyndi,Ltz5KGNTK0d
11716-1168,Marcela,XNLvr3RcWlx,topic2,Cyril,rOKqlp
0904-6088,Emmanuel,jmCHeE3,topic2,Willie,tH1uVoI
58414-3046,Valry,TdSC9Dm2X1,topic1,Nicholle,MV6OkjII
68428-049,Adolpho,fFqewu3J,topic1,Gilligan,6aUY42CpFk
0615-6584,Isacco,tRzFk6o2,topic3,Aguie,ljBrMDiR0J
57237-090,Madonna,Qu9VVZ,topic3,Willabella,mJ6vXiLhP9
